step,eval_loss
100,0.9837757349014282
200,0.8156448602676392
300,1.402510643005371
400,1.7555330991744995
500,0.6788178086280823
600,0.6584654450416565
700,0.6305389404296875
800,0.626455545425415
900,0.6279774904251099
1000,0.6180830597877502
1100,0.63064044713974
1200,0.6181424856185913
1300,0.6097667217254639
1400,0.6031787991523743
1500,0.603058934211731
1600,0.6024035215377808
1700,0.6013916730880737
