step,eval_loss
100,0.5010284781455994
200,0.45854926109313965
300,0.44227081537246704
400,0.423502653837204
500,0.4190032184123993
600,0.4253329336643219
