step,eval_loss
100,3.087559461593628
200,2.512601613998413
300,2.365293264389038
400,2.234626293182373
500,2.2008378505706787
600,2.1768405437469482
700,2.1489098072052
800,2.136174201965332
900,2.119385004043579
1000,2.112100839614868
1100,2.1034774780273438
1200,2.099296808242798
1300,2.0943355560302734
1400,2.0928027629852295
1500,2.0904340744018555
1600,2.0906777381896973
1700,2.089250326156616
